{
    "epoch": 3.0,
    "total_flos": 5.693498272807649e+17,
    "train_loss": 0.39034502021449524,
    "train_runtime": 8449.1187,
    "train_samples_per_second": 2.036,
    "train_steps_per_second": 0.127
}