{
    "epoch": 3.0,
    "total_flos": 5.693498272807649e+17,
    "train_loss": 0.422310473305712,
    "train_runtime": 7170.7581,
    "train_samples_per_second": 2.398,
    "train_steps_per_second": 0.15
}