{
  "pope_adversarial.json": {
    "accuracy": 0.87,
    "precision": 0.8908450704225352,
    "recall": 0.8433333333333334,
    "f1": 0.8664383561643836,
    "yes_ratio": 0.47333333333333333,
    "total": 3000,
    "adversarial_accuracy": 0.87,
    "adversarial_precision": 0.8908450704225352,
    "adversarial_recall": 0.8433333333333334,
    "adversarial_f1": 0.8664383561643836,
    "adversarial_yes_ratio": 0.47333333333333333,
    "adversarial_total": 3000
  },
  "pope_popular.json": {
    "accuracy": 0.8886666666666667,
    "precision": 0.9274193548387096,
    "recall": 0.8433333333333334,
    "f1": 0.8833798882681564,
    "yes_ratio": 0.45466666666666666,
    "total": 3000,
    "popular_accuracy": 0.8886666666666667,
    "popular_precision": 0.9274193548387096,
    "popular_recall": 0.8433333333333334,
    "popular_f1": 0.8833798882681564,
    "popular_yes_ratio": 0.45466666666666666,
    "popular_total": 3000
  },
  "pope_random.json": {
    "accuracy": 0.912,
    "precision": 0.9775888717156105,
    "recall": 0.8433333333333334,
    "f1": 0.905511811023622,
    "yes_ratio": 0.43133333333333335,
    "total": 3000,
    "random_accuracy": 0.912,
    "random_precision": 0.9775888717156105,
    "random_recall": 0.8433333333333334,
    "random_f1": 0.905511811023622,
    "random_yes_ratio": 0.43133333333333335,
    "random_total": 3000
  }
}