{
  "pope_adversarial.json": {
    "accuracy": 0.873,
    "precision": 0.9051412020275162,
    "recall": 0.8333333333333334,
    "f1": 0.8677542519958348,
    "yes_ratio": 0.4603333333333333,
    "total": 3000,
    "adversarial_accuracy": 0.873,
    "adversarial_precision": 0.9051412020275162,
    "adversarial_recall": 0.8333333333333334,
    "adversarial_f1": 0.8677542519958348,
    "adversarial_yes_ratio": 0.4603333333333333,
    "adversarial_total": 3000
  },
  "pope_popular.json": {
    "accuracy": 0.886,
    "precision": 0.9314456035767511,
    "recall": 0.8333333333333334,
    "f1": 0.8796622097114708,
    "yes_ratio": 0.44733333333333336,
    "total": 3000,
    "popular_accuracy": 0.886,
    "popular_precision": 0.9314456035767511,
    "popular_recall": 0.8333333333333334,
    "popular_f1": 0.8796622097114708,
    "popular_yes_ratio": 0.44733333333333336,
    "popular_total": 3000
  },
  "pope_random.json": {
    "accuracy": 0.9076666666666666,
    "precision": 0.9788566953797964,
    "recall": 0.8333333333333334,
    "f1": 0.9002520705797623,
    "yes_ratio": 0.4256666666666667,
    "total": 3000,
    "random_accuracy": 0.9076666666666666,
    "random_precision": 0.9788566953797964,
    "random_recall": 0.8333333333333334,
    "random_f1": 0.9002520705797623,
    "random_yes_ratio": 0.4256666666666667,
    "random_total": 3000
  }
}