{
    "epoch": 3.0,
    "total_flos": 5.693498272807649e+17,
    "train_loss": 1.3912560102999376,
    "train_runtime": 7929.3717,
    "train_samples_per_second": 2.169,
    "train_steps_per_second": 0.136
}