{
    "epoch": 1.0,
    "total_flos": 1.8975061843954893e+17,
    "train_loss": 2.1426807267895303,
    "train_runtime": 1106.5049,
    "train_samples_per_second": 5.181,
    "train_steps_per_second": 0.216
}