{
    "epoch": 2.0,
    "eval_loss": 0.8516302704811096,
    "eval_runtime": 126.9717,
    "eval_samples_per_second": 7.876,
    "eval_steps_per_second": 3.938,
    "total_flos": 3.4314834083526006e+18,
    "train_loss": 0.852600852609498,
    "train_runtime": 39105.1073,
    "train_samples_per_second": 2.506,
    "train_steps_per_second": 0.157
}